<?xml version="1.0" encoding="UTF-8"?>
<project-private xmlns="http://www.netbeans.org/ns/project-private/1">
    <editor-bookmarks xmlns="http://www.netbeans.org/ns/editor-bookmarks/2" lastBookmarkId="0"/>
    <open-files xmlns="http://www.netbeans.org/ns/projectui-open-files/2">
        <group>
            <file>file:/C:/Users/javi1/OneDrive/Documentos/NetBeansProjects/JavaApplication23/src/taller7/Carros.java</file>
            <file>file:/C:/Users/javi1/OneDrive/Documentos/NetBeansProjects/JavaApplication23/src/taller7/Descuentos.java</file>
            <file>file:/C:/Users/javi1/OneDrive/Documentos/NetBeansProjects/JavaApplication23/src/taller7/Main.java</file>
            <file>file:/C:/Users/javi1/OneDrive/Documentos/NetBeansProjects/JavaApplication23/src/taller7/PanelAmigable.java</file>
            <file>file:/C:/Users/javi1/OneDrive/Documentos/NetBeansProjects/JavaApplication23/src/taller7/HacerCalculo.java</file>
        </group>
    </open-files>
</project-private>
